Region code,Region name ,Local authority code,Local authority name,Q3-1997,Q3-1998,Q3-1999,Q3-2000,Q3-2001,Q3-2002,Q3-2003,Q3-2004,Q3-2005,Q3-2006,Q3-2007,Q3-2008,Q3-2009,Q3-2010,Q3-2011,Q3-2012,Q3-2013,Q3-2014,Q3-2015,Q3-2016
E12000001,North East,E06000047,County Durham,"42,000","43,000","45,500","48,000","47,500","50,000","59,950","79,995","94,000","105,000","106,000","110,000","101,525","110,000","100,000","100,000","105,000","110,000","110,000","110,000"
E12000001,North East,E06000005,Darlington,"46,950","50,000","50,000","52,000","55,000","58,973","71,000","95,000","112,000","113,500","121,000","122,500","120,000","125,000","120,000","122,000","119,995","124,950","131,000","133,000"
E12000001,North East,E06000001,Hartlepool,"41,500","44,125","46,000","47,500","47,500","53,000","54,950","54,950","60,000","86,000","100,000","109,950","100,000","112,500","105,950","102,500","116,000","117,000","124,375","116,500"
E12000001,North East,E06000002,Middlesbrough,"45,000","42,000","46,500","45,000","44,500","47,500","46,000","63,950","77,500","98,500","107,000","100,000","110,000","108,000","102,250","105,000","108,000","120,000","124,000","130,000"
E12000001,North East,E06000057,Northumberland,"52,000","54,000","58,000","59,950","62,000","69,000","84,950","107,000","119,999","132,975","137,000","143,148","134,000","145,000","137,525","137,000","137,000","145,000","155,000","155,000"
E12000001,North East,E06000003,Redcar and Cleveland,"45,000","45,950","45,000","49,000","52,000","56,000","69,950","86,125","100,000","115,000","123,000","120,000","115,000","119,950","112,000","115,000","116,500","122,500","125,000","129,995"
E12000001,North East,E06000004,Stockton-on-Tees,"49,850","49,995","52,500","55,500","58,995","65,000","80,000","100,000","115,000","123,900","132,500","132,000","125,000","130,000","125,000","125,000","127,500","133,000","135,000","134,950"
E12000001,North East,E08000037,Gateshead,"42,000","43,950","45,000","46,850","51,500","59,950","74,000","93,000","105,000","114,995","119,500","119,400","119,998","120,000","117,500","116,500","124,720","124,950","130,000","128,000"
E12000001,North East,E08000021,Newcastle upon Tyne,"49,000","52,000","56,275","58,500","63,000","75,000","95,000","125,000","125,475","140,000","143,000","145,000","135,000","140,000","135,000","131,000","137,500","141,000","150,000","154,995"
E12000001,North East,E08000022,North Tyneside,"50,675","52,500","55,000","55,950","57,000","60,000","82,500","110,000","120,000","128,000","131,500","130,000","127,500","142,000","132,000","132,500","137,500","143,555","155,000","152,000"
E12000001,North East,E08000023,South Tyneside,"45,000","44,650","46,950","48,000","48,950","51,000","63,375","85,000","96,000","105,000","115,000","115,000","111,000","117,250","106,975","106,000","113,270","119,995","130,000","130,000"
E12000001,North East,E08000024,Sunderland,"44,000","44,950","46,000","47,500","47,000","55,500","67,500","87,000","98,000","105,000","112,000","111,500","105,000","110,000","106,000","107,902","110,000","115,000","120,000","118,000"
E12000002,North West,E06000008,Blackburn with Darwen,"33,950","34,950","38,500","40,250","39,950","43,000","49,950","65,000","77,500","86,000","97,500","104,000","97,750","98,000","92,000","97,000","97,000","99,950","105,000","103,000"
E12000002,North West,E06000009,Blackpool,"40,500","43,000","44,000","46,000","48,000","55,000","67,950","87,500","104,500","113,000","118,000","117,000","100,000","105,000","99,000","95,000","94,250","99,500","100,000","105,000"
E12000002,North West,E06000049,Cheshire East,"66,000","68,000","73,000","78,000","86,950","100,000","125,000","146,375","158,000","163,000","169,950","175,000","162,750","174,950","170,000","172,000","173,000","184,250","192,000","199,995"
E12000002,North West,E06000050,Cheshire West and Chester,"59,500","62,000","67,000","74,500","82,500","92,950","110,000","137,500","149,525","155,000","161,000","164,000","155,000","163,500","156,000","158,000","165,000","170,000","182,000","184,900"
E12000002,North West,E06000006,Halton,"48,575","48,500","49,000","53,950","55,000","60,000","78,000","93,000","112,000","115,000","118,000","118,000","115,000","125,000","113,000","114,475","120,000","125,000","125,000","130,000"
E12000002,North West,E06000007,Warrington,"56,000","59,000","59,950","65,975","74,500","86,500","105,000","128,000","140,000","140,000","150,000","146,500","140,000","150,000","149,000","148,500","151,000","156,000","164,000","165,000"
E12000002,North West,E07000026,Allerdale,"47,500","49,450","53,000","54,000","59,950","65,000","76,000","92,000","110,000","130,000","143,000","137,000","134,000","144,000","133,000","135,000","143,500","146,000","148,000","140,000"
E12000002,North West,E07000027,Barrow-in-Furness,"33,800","34,500","34,725","36,000","37,000","41,000","47,500","58,263","72,000","82,000","91,000","101,500","93,000","102,500","97,485","93,000","100,000","103,000","110,000","114,500"
E12000002,North West,E07000028,Carlisle,"45,373","47,500","47,050","52,000","52,000","56,500","72,750","91,975","105,000","118,525","124,999","124,950","118,000","124,950","120,000","124,000","122,500","125,000","125,000","130,000"
E12000002,North West,E07000029,Copeland,"40,000","40,000","42,375","42,500","44,500","45,500","50,000","69,998","86,000","98,000","106,950","110,500","105,000","119,975","115,000","110,000","115,000","117,248","118,000","121,500"
E12000002,North West,E07000030,Eden,"57,500","63,000","64,250","69,500","76,500","86,500","117,500","155,475","169,500","176,975","183,000","188,750","172,500","177,000","175,000","166,000","172,500","175,000","182,500","185,000"
E12000002,North West,E07000031,South Lakeland,"62,300","66,000","73,000","76,000","85,375","102,500","129,950","163,750","180,000","189,250","199,995","210,000","190,000","200,000","196,500","194,000","190,000","200,000","210,000","217,500"
E12000002,North West,E08000001,Bolton,"42,950","43,500","44,000","47,000","49,000","55,000","60,000","80,000","98,000","110,000","120,000","119,500","109,000","110,000","106,975","105,000","108,750","113,000","119,000","123,500"
E12000002,North West,E08000002,Bury,"45,000","47,500","49,500","52,950","57,500","67,000","80,000","98,000","119,000","125,000","130,000","133,248","125,000","130,000","120,000","123,000","122,000","133,000","144,500","149,950"
E12000002,North West,E08000003,Manchester,"39,000","43,500","45,000","49,950","55,000","66,998","77,300","97,000","115,000","130,000","140,000","135,500","120,400","123,875","127,500","125,000","125,000","134,973","139,950","147,000"
E12000002,North West,E08000004,Oldham,"41,000","42,500","43,450","44,000","44,125","50,000","59,000","73,000","86,125","102,000","111,733","115,000","105,000","109,995","104,950","107,000","110,000","115,000","117,250","120,000"
E12000002,North West,E08000005,Rochdale,"40,500","42,000","45,000","47,000","50,000","53,500","63,000","80,000","93,950","100,000","113,000","112,000","100,000","110,000","105,000","110,000","115,000","120,000","123,500","123,000"
E12000002,North West,E08000006,Salford,"42,000","44,500","45,500","46,950","48,500","54,000","69,950","90,000","105,000","115,000","124,000","125,000","115,000","113,875","110,000","112,500","116,000","118,998","125,000","135,000"
E12000002,North West,E08000007,Stockport,"59,000","60,000","64,950","71,000","79,500","89,950","110,000","134,950","142,000","150,000","164,950","164,950","155,000","160,000","160,000","160,000","164,000","172,000","180,000","192,500"
E12000002,North West,E08000008,Tameside,"40,975","41,500","44,000","47,500","49,500","54,500","68,000","85,000","100,000","112,000","122,000","124,950","110,000","111,000","108,000","108,495","110,000","117,000","124,950","126,000"
E12000002,North West,E08000009,Trafford,"63,000","67,500","72,500","81,000","94,015","112,500","130,000","154,000","170,000","175,000","187,000","185,000","171,500","180,000","186,000","185,000","192,000","200,000","216,000","235,000"
E12000002,North West,E08000010,Wigan,"45,000","45,950","46,950","48,000","51,500","55,000","67,000","88,000","98,973","110,000","119,950","119,000","110,000","115,000","109,998","110,000","110,000","119,000","123,000","123,500"
E12000002,North West,E07000117,Burnley,"32,000","36,750","37,000","35,000","34,725","29,950","29,500","37,000","46,125","63,000","75,500","82,000","74,725","75,000","75,000","75,000","74,000","83,000","77,500","88,000"
E12000002,North West,E07000118,Chorley,"50,750","54,500","57,000","60,000","63,000","75,500","92,500","117,500","131,000","133,000","137,925","140,000","140,000","149,995","148,995","149,995","149,950","152,500","160,950","159,000"
E12000002,North West,E07000119,Fylde,"59,000","60,000","65,950","69,950","75,000","86,000","116,000","145,000","158,000","170,000","177,750","176,025","162,750","170,000","161,000","155,000","167,500","167,500","180,000","186,000"
E12000002,North West,E07000120,Hyndburn,"33,000","32,500","35,500","36,000","36,950","38,000","38,950","54,000","70,000","79,950","90,000","94,500","82,750","85,000","85,000","87,250","87,000","87,500","90,000","100,000"
E12000002,North West,E07000121,Lancaster,"45,000","47,500","47,750","52,000","55,000","60,000","79,950","100,000","118,000","123,500","130,000","136,000","122,500","133,995","125,000","126,500","130,500","136,000","140,000","150,000"
E12000002,North West,E07000122,Pendle,"32,000","33,500","32,500","37,000","36,000","35,950","39,000","50,000","59,950","76,950","90,000","93,750","85,000","85,000","85,000","82,000","84,500","91,000","92,000","95,000"
E12000002,North West,E07000123,Preston,"47,950","50,000","49,000","50,000","54,500","58,000","68,000","91,950","115,000","119,950","125,000","125,000","120,000","123,000","112,750","123,500","120,000","125,000","125,000","127,296"
E12000002,North West,E07000124,Ribble Valley,"59,950","60,000","67,000","69,000","77,000","88,000","115,000","158,000","164,000","173,000","183,000","188,000","160,000","174,000","185,750","175,000","182,000","192,000","198,000","200,000"
E12000002,North West,E07000125,Rossendale,"37,500","44,000","43,500","43,000","46,000","48,500","62,500","85,000","96,660","106,000","113,508","115,000","110,000","113,000","110,000","107,500","110,500","118,000","125,000","121,000"
E12000002,North West,E07000126,South Ribble,"51,500","54,000","56,000","58,000","63,750","74,500","91,000","122,500","132,500","135,000","145,000","145,000","135,000","143,950","140,000","136,000","140,000","149,998","150,995","155,000"
E12000002,North West,E07000127,West Lancashire,"57,500","60,000","65,500","68,500","75,000","84,500","103,000","130,000","138,000","147,000","158,000","158,000","155,000","165,000","150,000","160,000","162,000","165,000","168,750","176,250"
E12000002,North West,E07000128,Wyre,"53,000","53,500","56,500","59,950","65,000","74,000","92,450","119,000","135,000","140,000","148,500","145,000","139,975","142,000","135,000","135,000","135,498","135,000","140,000","143,000"
E12000002,North West,E08000011,Knowsley,"44,950","47,500","48,950","52,000","52,495","58,500","67,500","92,000","114,950","116,760","119,450","117,975","107,000","111,250","106,950","106,000","110,000","110,000","119,000","118,000"
E12000002,North West,E08000012,Liverpool,"40,250","40,000","43,000","45,995","51,000","54,950","63,500","86,950","100,000","115,000","123,000","119,950","115,000","115,000","110,000","112,000","112,000","115,000","120,000","122,000"
E12000002,North West,E08000014,Sefton,"54,000","55,995","58,248","59,950","66,950","78,000","93,995","122,998","135,000","142,500","150,000","148,000","145,000","149,000","141,000","140,000","135,000","146,000","148,000","158,000"
E12000002,North West,E08000013,St. Helens,"44,995","45,000","47,000","49,487","54,600","59,950","69,950","93,000","110,000","117,000","123,000","122,000","110,000","117,500","110,000","109,000","110,000","122,000","120,000","125,000"
E12000002,North West,E08000015,Wirral,"46,750","48,000","50,000","55,000","59,950","69,000","82,000","107,000","120,000","130,000","138,000","137,500","130,000","135,000","135,000","136,000","135,000","139,950","142,000","149,950"
E12000003,Yorkshire and The Humber,E06000011,East Riding of Yorkshire,"53,500","53,950","55,995","58,750","63,000","74,950","93,000","123,950","133,000","140,000","149,000","150,000","137,000","145,000","139,950","141,000","140,000","149,000","153,000","160,000"
E12000003,Yorkshire and The Humber,E06000010,"Kingston upon Hull, City of","34,500","34,500","36,000","37,000","37,500","39,950","48,500","58,500","69,000","81,950","91,000","93,850","83,000","90,500","88,500","89,000","92,000","97,000","100,000","103,500"
E12000003,Yorkshire and The Humber,E06000012,North East Lincolnshire,"40,000","40,000","44,000","43,950","47,000","50,000","55,000","74,725","82,000","95,000","105,000","110,000","105,000","115,000","110,000","112,000","108,500","119,950","118,500","122,500"
E12000003,Yorkshire and The Humber,E06000013,North Lincolnshire,"42,500","44,500","45,000","48,000","51,000","55,995","72,950","92,000","109,950","115,000","120,000","124,000","118,745","119,000","115,000","112,500","115,000","120,000","124,995","127,250"
E12000003,Yorkshire and The Humber,E06000014,York,"57,500","60,000","61,950","72,000","85,000","105,000","131,000","145,000","162,000","166,460","177,000","179,950","163,000","173,000","175,000","177,000","180,000","190,000","210,000","216,000"
E12000003,Yorkshire and The Humber,E07000163,Craven,"59,700","60,000","65,000","66,500","75,000","92,000","119,975","139,950","155,000","172,500","180,000","178,250","169,975","175,000","175,000","175,000","170,000","174,975","185,000","187,000"
E12000003,Yorkshire and The Humber,E07000164,Hambleton,"69,450","72,000","73,000","83,000","93,500","111,000","131,000","170,000","186,000","186,500","200,000","200,000","180,000","199,950","199,950","203,000","200,000","210,000","212,000","218,000"
E12000003,Yorkshire and The Humber,E07000165,Harrogate,"67,000","71,000","77,000","88,998","99,950","121,995","150,500","175,000","189,950","192,500","215,000","213,500","195,000","215,000","215,000","212,000","212,600","222,500","239,950","255,000"
E12000003,Yorkshire and The Humber,E07000166,Richmondshire,"61,000","65,500","69,950","77,750","79,950","89,000","112,000","146,000","164,995","167,500","186,500","186,000","175,000","192,750","193,500","180,000","192,500","185,000","185,000","195,000"
E12000003,Yorkshire and The Humber,E07000167,Ryedale,"62,250","60,000","64,250","71,950","84,000","97,000","128,000","156,500","180,000","182,500","193,500","200,000","168,500","183,000","185,000","176,000","182,500","184,999","194,475","205,000"
E12000003,Yorkshire and The Humber,E07000168,Scarborough,"51,200","53,000","53,500","57,000","60,000","71,000","89,950","120,000","138,500","140,000","150,000","150,000","140,000","146,000","145,000","140,000","140,000","145,000","150,250","145,000"
E12000003,Yorkshire and The Humber,E07000169,Selby,"57,000","58,000","58,495","65,000","69,725","86,050","115,748","138,500","152,998","156,000","166,950","165,000","151,725","159,995","158,000","160,000","160,000","160,050","166,748","177,500"
E12000003,Yorkshire and The Humber,E08000016,Barnsley,"38,850","41,000","43,995","44,000","44,125","47,000","59,950","81,950","95,000","105,000","112,000","110,670","101,123","105,000","102,000","104,975","105,000","110,000","114,000","115,000"
E12000003,Yorkshire and The Humber,E08000017,Doncaster,"40,500","42,500","44,950","46,000","46,000","50,000","66,500","89,950","102,500","110,000","115,698","116,950","107,000","114,995","110,000","110,000","110,000","118,000","124,000","125,000"
E12000003,Yorkshire and The Humber,E08000018,Rotherham,"43,000","43,000","46,500","48,000","52,000","59,025","70,000","87,950","101,995","115,000","120,000","122,748","115,000","119,995","115,000","117,973","122,250","125,000","130,000","133,000"
E12000003,Yorkshire and The Humber,E08000019,Sheffield,"45,500","47,000","49,000","52,000","58,000","67,250","82,923","105,000","114,750","124,950","129,973","129,950","123,000","130,000","124,950","125,000","124,995","131,995","138,150","140,000"
E12000003,Yorkshire and The Humber,E08000032,Bradford,"45,000","45,500","46,000","49,000","51,000","56,000","65,995","84,995","98,973","115,000","124,995","124,950","116,250","120,000","120,000","115,000","119,000","120,000","125,000","128,000"
E12000003,Yorkshire and The Humber,E08000033,Calderdale,"43,000","45,500","46,000","47,000","50,000","55,000","68,375","89,950","109,995","117,000","125,000","125,000","114,000","124,950","120,000","115,000","120,000","124,000","128,000","134,000"
E12000003,Yorkshire and The Humber,E08000034,Kirklees,"47,000","48,500","49,500","53,000","54,000","59,500","74,995","97,000","112,000","123,950","130,000","130,000","122,250","129,950","124,950","122,999","124,999","125,000","132,000","139,000"
E12000003,Yorkshire and The Humber,E08000035,Leeds,"51,500","54,000","57,875","61,000","68,498","79,000","99,000","122,000","132,500","138,000","145,000","144,500","134,000","143,625","142,000","141,000","143,500","149,000","154,725","160,500"
E12000003,Yorkshire and The Humber,E08000036,Wakefield,"48,500","49,950","50,000","53,000","55,000","62,950","81,950","98,000","114,950","119,495","125,000","126,500","118,000","125,000","120,000","119,000","120,000","125,000","129,950","135,000"
E12000004,East Midlands,E06000015,Derby,"42,950","43,075","46,000","49,950","55,450","65,000","81,950","105,125","120,000","123,000","130,000","126,500","120,000","125,000","119,950","122,500","125,000","134,000","136,413","142,500"
E12000004,East Midlands,E06000016,Leicester,"39,500","41,500","44,000","46,000","52,000","65,000","86,000","109,950","118,500","119,950","125,000","127,000","120,000","122,000","121,500","120,000","121,000","125,000","132,000","140,000"
E12000004,East Midlands,E06000018,Nottingham,"41,000","42,500","43,500","46,000","50,000","63,500","83,000","96,000","107,500","113,500","110,998","108,000","100,000","100,000","98,000","97,500","99,559","107,000","112,500","120,000"
E12000004,East Midlands,E06000017,Rutland,"75,000","78,000","87,000","98,750","110,000","129,500","156,000","179,975","190,000","204,603","210,000","219,000","200,000","220,000","205,000","205,000","209,000","215,000","233,995","240,000"
E12000004,East Midlands,E07000032,Amber Valley,"45,000","47,000","49,950","52,000","59,000","68,950","86,950","109,750","118,000","125,000","134,950","137,125","125,000","134,000","130,000","125,000","130,000","134,000","150,000","152,500"
E12000004,East Midlands,E07000033,Bolsover,"39,000","40,000","41,500","44,500","47,000","46,000","62,500","82,000","95,000","100,000","109,950","112,500","100,750","106,000","95,000","98,000","97,000","108,000","112,000","119,500"
E12000004,East Midlands,E07000034,Chesterfield,"42,000","43,000","45,998","47,950","55,000","59,950","75,000","98,500","115,000","120,000","125,000","125,000","115,000","122,500","119,000","118,750","124,999","125,000","130,000","135,000"
E12000004,East Midlands,E07000035,Derbyshire Dales,"73,500","73,975","80,000","83,375","97,500","120,000","138,000","170,000","195,000","200,000","222,000","202,250","185,000","212,250","205,000","200,000","210,000","218,000","222,875","231,500"
E12000004,East Midlands,E07000036,Erewash,"45,000","46,500","49,000","51,000","54,500","68,500","85,000","106,000","117,500","119,500","125,000","124,000","117,998","118,625","118,975","120,000","120,500","126,000","134,000","137,000"
E12000004,East Midlands,E07000037,High Peak,"54,950","58,000","59,995","63,000","72,950","85,000","105,000","131,250","141,000","146,000","157,000","155,000","150,000","146,000","145,000","150,000","149,000","150,000","160,000","168,000"
E12000004,East Midlands,E07000038,North East Derbyshire,"51,950","53,000","57,500","59,950","61,500","69,950","92,000","115,000","130,000","139,850","144,725","144,975","139,975","138,000","145,000","141,725","141,950","150,500","160,000","165,000"
E12000004,East Midlands,E07000039,South Derbyshire,"53,500","55,500","63,795","67,500","68,975","84,000","112,000","129,000","144,000","145,500","149,000","151,748","138,748","147,250","142,500","150,000","145,250","158,000","168,500","172,000"
E12000004,East Midlands,E07000129,Blaby,"57,000","59,950","62,500","69,950","77,000","90,000","119,000","138,000","147,950","151,500","160,000","159,950","145,000","149,000","155,000","153,000","155,000","165,000","176,000","189,995"
E12000004,East Midlands,E07000130,Charnwood,"53,950","57,500","59,942","62,000","72,500","86,375","115,000","135,000","145,000","148,000","158,000","157,500","143,000","151,250","154,500","156,000","159,950","168,950","175,000","185,000"
E12000004,East Midlands,E07000131,Harborough,"64,000","71,000","81,500","89,500","99,995","122,000","154,000","169,950","180,000","186,000","197,950","194,750","174,950","200,000","185,000","185,720","190,000","215,000","230,000","239,950"
E12000004,East Midlands,E07000132,Hinckley and Bosworth,"52,750","55,950","59,500","65,950","73,850","88,000","110,225","128,500","140,750","147,000","152,500","152,000","148,500","154,998","149,000","147,000","147,500","164,000","170,000","172,000"
E12000004,East Midlands,E07000133,Melton,"56,500","60,500","64,000","73,000","76,500","97,950","119,995","138,000","147,500","155,000","163,000","159,000","145,000","155,000","157,000","160,000","163,000","166,000","172,000","185,500"
E12000004,East Midlands,E07000134,North West Leicestershire,"53,660","56,975","59,950","66,950","74,000","86,950","112,250","130,000","140,000","142,950","153,000","153,000","138,829","145,000","145,000","140,000","151,976","160,000","175,000","176,000"
E12000004,East Midlands,E07000135,Oadby and Wigston,"54,000","58,000","60,000","66,000","72,950","85,000","115,000","135,000","146,750","146,500","153,975","155,000","135,000","147,500","150,000","142,875","146,000","151,975","165,000","177,000"
E12000004,East Midlands,E07000136,Boston,"43,500","45,000","46,000","48,500","56,000","67,500","85,053","107,500","117,995","118,000","126,500","124,950","118,000","119,000","120,000","123,000","122,000","129,000","135,000","141,000"
E12000004,East Midlands,E07000137,East Lindsey,"46,000","49,500","51,500","56,500","63,000","75,000","92,000","122,500","130,000","135,000","144,000","143,076","130,000","135,500","133,000","129,950","130,000","136,100","145,000","148,000"
E12000004,East Midlands,E07000138,Lincoln,"39,000","40,000","42,000","45,950","49,000","60,000","82,950","100,000","109,000","119,000","123,000","122,000","115,000","119,200","119,300","119,000","120,000","125,000","130,000","135,000"
E12000004,East Midlands,E07000139,North Kesteven,"52,500","54,000","57,000","62,500","70,875","86,000","114,000","131,000","140,000","145,748","154,000","157,500","140,000","149,950","143,000","145,500","144,000","155,000","165,000","175,000"
E12000004,East Midlands,E07000140,South Holland,"48,500","52,000","55,000","65,950","74,950","85,000","105,000","128,000","134,500","136,500","148,500","145,000","129,995","138,000","133,000","135,000","135,973","145,000","153,000","161,000"
E12000004,East Midlands,E07000141,South Kesteven,"55,000","58,600","63,500","68,995","78,000","90,000","118,500","138,973","151,000","150,000","162,500","165,975","147,000","160,000","153,000","153,500","155,500","165,000","173,998","185,000"
E12000004,East Midlands,E07000142,West Lindsey,"49,950","52,000","53,950","55,975","59,995","72,000","90,000","124,500","128,000","132,500","142,476","144,495","130,000","145,000","140,000","135,000","135,000","151,000","151,998","150,000"
E12000004,East Midlands,E07000150,Corby,"39,995","41,000","41,973","45,000","46,000","54,500","70,000","89,000","103,500","113,250","125,000","132,400","121,000","125,000","122,995","118,000","125,000","134,000","145,000","149,950"
E12000004,East Midlands,E07000151,Daventry,"65,000","78,000","81,973","90,000","107,000","122,000","140,000","155,000","163,000","170,000","184,500","189,000","175,000","187,500","175,000","178,000","191,950","200,000","215,000","244,950"
E12000004,East Midlands,E07000152,East Northamptonshire,"51,750","56,975","63,000","69,950","79,100","90,000","119,950","136,000","147,998","149,995","154,973","155,500","145,000","157,000","150,000","149,950","149,995","159,950","171,000","190,000"
E12000004,East Midlands,E07000153,Kettering,"44,675","47,625","52,000","59,950","68,000","79,000","98,000","120,000","126,500","132,000","142,800","140,000","129,000","135,000","130,000","130,000","135,000","149,000","157,500","172,000"
E12000004,East Midlands,E07000154,Northampton,"50,000","56,973","58,000","67,000","78,000","89,000","110,000","125,000","130,000","138,000","145,000","146,500","128,000","136,000","135,000","140,000","142,000","153,500","164,000","176,250"
E12000004,East Midlands,E07000155,South Northamptonshire,"73,000","84,000","89,725","109,975","128,000","140,000","170,000","178,000","188,000","190,000","212,000","217,850","195,000","210,000","210,000","210,000","220,375","240,000","263,995","275,000"
E12000004,East Midlands,E07000156,Wellingborough,"45,000","47,500","54,000","60,000","70,000","82,000","95,500","116,500","129,995","130,500","139,000","140,000","129,000","136,000","130,000","130,000","138,000","140,000","160,000","169,995"
E12000004,East Midlands,E07000170,Ashfield,"39,100","42,250","45,000","49,500","50,000","57,950","72,995","92,725","99,995","107,500","117,500","112,500","100,933","106,051","110,250","110,000","110,000","120,000","125,000","127,000"
E12000004,East Midlands,E07000171,Bassetlaw,"46,500","46,500","50,000","54,950","57,950","64,998","82,500","103,000","120,000","121,000","128,000","123,000","120,000","125,000","125,000","120,000","122,950","125,000","130,000","135,000"
E12000004,East Midlands,E07000172,Broxtowe,"49,000","52,375","56,000","59,973","68,000","82,000","105,000","125,000","137,500","136,000","141,500","139,973","129,973","134,000","132,000","132,000","137,000","139,000","148,000","159,950"
E12000004,East Midlands,E07000173,Gedling,"50,123","52,000","55,000","59,950","66,950","81,950","100,000","120,000","129,975","132,250","136,000","130,000","125,000","135,600","132,000","130,000","130,000","140,000","148,000","152,000"
E12000004,East Midlands,E07000174,Mansfield,"39,000","41,000","41,950","44,000","46,000","54,000","67,950","88,000","99,000","107,000","110,000","112,000","104,975","111,500","108,650","103,250","108,500","115,000","120,000","126,250"
E12000004,East Midlands,E07000175,Newark and Sherwood,"50,000","52,500","55,750","60,600","66,500","79,950","107,500","125,000","130,000","135,000","142,000","142,500","131,550","142,750","135,000","140,000","142,000","149,995","150,000","158,000"
E12000004,East Midlands,E07000176,Rushcliffe,"71,000","75,000","84,000","94,000","110,000","122,500","155,000","170,000","183,250","185,000","195,000","189,000","181,250","195,000","192,250","190,000","200,000","207,000","229,995","247,350"
E12000005,West Midlands,E06000019,"Herefordshire, County of","60,000","66,500","74,000","80,000","90,000","108,875","132,000","157,700","165,000","176,000","185,600","190,000","172,500","187,000","180,000","184,500","183,000","189,055","202,500","203,000"
E12000005,West Midlands,E06000051,Shropshire,"59,000","63,000","67,000","72,500","84,000","97,000","125,000","145,000","158,000","168,000","176,000","182,000","165,000","172,500","169,995","169,995","171,000","175,000","182,000","190,000"
E12000005,West Midlands,E06000021,Stoke-on-Trent,"33,000","34,000","35,000","37,775","37,000","40,000","45,950","65,950","78,500","85,950","90,000","94,000","86,725","89,000","85,000","87,500","89,995","95,000","98,000","103,000"
E12000005,West Midlands,E06000020,Telford and Wrekin,"49,950","51,950","55,000","59,000","64,500","73,500","90,000","114,000","119,950","126,500","131,500","135,000","135,000","139,000","138,000","139,950","142,000","143,000","150,000","156,000"
E12000005,West Midlands,E07000192,Cannock Chase,"48,000","50,000","54,950","56,500","60,000","73,500","86,650","107,500","118,998","125,000","130,995","130,000","121,500","125,000","125,000","124,995","125,000","131,000","135,000","143,500"
E12000005,West Midlands,E07000193,East Staffordshire,"49,000","51,000","56,000","60,000","65,000","76,950","90,000","115,000","121,950","125,000","140,000","136,000","130,000","144,995","134,975","133,000","140,000","145,000","159,000","159,995"
E12000005,West Midlands,E07000194,Lichfield,"65,500","67,000","74,998","84,000","91,000","109,950","137,950","158,000","175,000","173,000","185,350","190,000","170,000","182,500","178,000","180,000","180,000","190,000","195,800","210,000"
E12000005,West Midlands,E07000195,Newcastle-under-Lyme,"47,500","49,000","49,000","52,950","55,000","59,950","75,000","96,950","110,000","119,950","124,950","129,000","122,000","127,000","120,000","125,000","125,000","130,000","133,000","135,000"
E12000005,West Midlands,E07000196,South Staffordshire,"64,000","67,000","73,500","80,000","90,000","110,000","134,950","150,000","160,000","169,000","179,973","180,000","170,000","175,000","170,000","175,998","172,000","178,000","188,000","196,000"
E12000005,West Midlands,E07000197,Stafford,"58,000","58,500","62,500","67,500","74,500","88,500","114,950","133,000","145,000","150,000","160,250","164,500","151,475","157,000","160,000","155,625","160,000","165,500","173,000","184,000"
E12000005,West Midlands,E07000198,Staffordshire Moorlands,"49,000","50,500","55,000","59,950","64,600","74,000","89,950","119,950","128,000","136,000","143,500","142,500","130,000","139,000","136,000","135,000","135,000","140,000","150,000","151,500"
E12000005,West Midlands,E07000199,Tamworth,"53,500","55,000","59,000","61,500","74,000","82,500","96,500","119,950","128,000","136,500","141,500","139,090","130,000","139,250","135,000","131,000","136,000","142,525","147,250","165,000"
E12000005,West Midlands,E07000218,North Warwickshire,"56,995","59,950","64,500","69,000","74,500","87,000","105,000","127,000","137,000","145,000","149,950","150,000","147,750","152,000","142,000","148,000","145,000","156,500","167,750","178,000"
E12000005,West Midlands,E07000219,Nuneaton and Bedworth,"48,000","50,000","54,000","57,500","64,500","74,000","89,950","106,000","119,995","123,500","129,000","128,500","119,000","129,000","125,000","127,500","129,000","135,000","140,000","150,000"
E12000005,West Midlands,E07000220,Rugby,"55,000","59,350","62,250","71,000","82,500","104,950","116,725","138,625","148,000","149,973","155,000","160,750","146,000","155,000","154,000","159,000","165,000","179,995","187,500","195,000"
E12000005,West Midlands,E07000221,Stratford-on-Avon,"86,000","93,500","105,500","120,000","134,000","149,500","182,000","199,175","210,000","220,000","229,500","228,000","215,000","230,000","233,000","237,000","245,000","250,000","268,500","285,000"
E12000005,West Midlands,E07000222,Warwick,"69,125","80,000","89,500","105,000","112,500","133,500","158,000","172,950","185,000","185,500","197,500","202,500","187,750","203,250","205,000","206,500","214,700","235,000","250,000","275,000"
E12000005,West Midlands,E08000025,Birmingham,"48,000","50,500","54,000","58,500","65,000","78,000","97,950","118,950","126,475","130,000","136,998","135,145","123,000","130,000","128,000","126,000","130,000","137,000","142,000","150,000"
E12000005,West Midlands,E08000026,Coventry,"43,750","45,000","48,000","54,000","59,995","71,950","85,000","105,000","117,000","121,250","129,950","126,000","116,000","122,000","122,500","121,000","125,000","132,500","142,000","152,500"
E12000005,West Midlands,E08000027,Dudley,"53,000","55,250","57,000","59,950","67,000","79,000","92,000","114,000","122,975","128,000","132,500","135,000","126,481","134,000","129,000","129,995","130,000","137,225","145,000","149,995"
E12000005,West Midlands,E08000028,Sandwell,"44,500","45,575","46,000","48,500","54,600","63,000","79,950","96,500","107,000","114,500","120,500","120,000","110,000","112,500","110,000","110,000","110,000","115,000","122,000","125,500"
E12000005,West Midlands,E08000029,Solihull,"77,950","85,000","91,625","107,000","119,000","133,000","159,125","179,950","190,000","193,500","202,000","197,500","183,000","206,000","203,875","196,000","205,000","215,000","240,000","242,375"
E12000005,West Midlands,E08000030,Walsall,"50,000","52,000","53,500","57,000","59,000","70,000","86,000","108,500","119,995","121,750","125,000","125,000","122,000","125,000","125,000","122,000","125,000","135,000","134,000","139,000"
E12000005,West Midlands,E08000031,Wolverhampton,"45,500","45,500","47,500","52,000","55,000","64,950","80,000","96,000","110,000","118,500","121,000","124,000","115,000","114,950","114,475","115,000","117,995","122,000","125,000","132,500"
E12000005,West Midlands,E07000234,Bromsgrove,"75,950","80,000","88,000","105,498","119,950","139,950","155,995","180,000","188,725","195,000","200,000","208,550","185,000","195,500","203,950","202,250","204,000","219,950","240,000","249,950"
E12000005,West Midlands,E07000235,Malvern Hills,"71,850","79,000","87,000","95,250","110,000","135,000","167,000","185,000","195,000","203,000","227,500","220,000","195,000","205,000","210,000","202,750","202,000","215,000","225,000","237,000"
E12000005,West Midlands,E07000236,Redditch,"57,000","59,500","66,500","75,000","82,500","91,500","115,000","132,973","137,500","139,500","147,000","145,000","141,750","150,000","143,000","141,000","150,000","161,000","170,000","175,000"
E12000005,West Midlands,E07000237,Worcester,"54,000","58,000","64,750","72,000","81,000","95,000","118,000","136,000","145,000","152,400","164,000","165,000","152,500","156,000","157,500","163,000","162,000","167,000","179,475","182,700"
E12000005,West Midlands,E07000238,Wychavon,"70,000","79,950","85,000","99,000","115,500","126,973","155,000","172,500","186,250","190,000","205,000","210,500","182,750","197,250","200,000","195,000","195,000","210,000","225,000","242,500"
E12000005,West Midlands,E07000239,Wyre Forest,"56,000","58,100","63,500","67,700","77,923","90,000","113,500","132,000","144,950","144,000","155,000","151,000","145,000","150,000","146,000","145,000","150,000","154,000","157,000","161,000"
E12000006,East of England,E06000055,Bedford,"58,500","64,500","69,950","79,950","90,000","108,500","130,000","145,000","155,000","161,000","173,000","177,750","168,000","176,000","184,000","180,000","185,000","200,000","226,995","237,995"
E12000006,East of England,E06000056,Central Bedfordshire,"62,625","69,995","77,000","89,000","101,000","123,000","145,000","160,000","170,000","179,995","186,500","195,000","177,500","187,563","190,000","195,000","200,000","219,995","240,000","264,995"
E12000006,East of England,E06000032,Luton,"47,000","50,000","56,000","65,000","76,000","89,500","118,000","130,000","137,500","144,000","155,000","160,000","142,000","150,000","150,000","150,000","153,000","165,000","182,500","218,000"
E12000006,East of England,E06000031,Peterborough,"45,000","46,995","50,995","54,950","60,000","76,500","92,000","115,000","122,000","130,000","139,995","140,000","129,995","135,000","131,500","130,000","137,000","147,748","153,000","160,000"
E12000006,East of England,E06000033,Southend-on-Sea,"54,000","57,000","61,000","70,000","79,995","97,500","125,000","145,000","156,500","164,500","175,000","180,000","165,000","177,500","180,000","182,000","185,000","197,000","218,250","235,000"
E12000006,East of England,E06000034,Thurrock,"54,500","60,000","64,000","72,000","85,000","106,000","132,000","147,000","159,000","162,498","170,000","175,000","161,000","165,000","172,000","167,000","172,250","185,000","213,000","247,000"
E12000006,East of England,E07000008,Cambridge,"80,000","91,500","99,973","119,325","137,000","161,000","182,000","195,500","214,950","220,000","249,950","249,375","229,000","250,000","250,000","275,000","300,000","340,000","385,000","415,000"
E12000006,East of England,E07000009,East Cambridgeshire,"61,995","70,000","79,500","88,500","106,000","127,000","145,000","161,000","175,000","173,000","187,000","190,000","170,500","185,000","184,950","185,000","195,000","205,000","229,973","250,000"
E12000006,East of England,E07000010,Fenland,"45,000","49,000","50,000","57,950","64,000","80,000","102,000","120,000","130,000","131,000","136,000","142,500","125,000","132,500","131,500","130,000","128,700","140,000","149,000","160,000"
E12000006,East of England,E07000011,Huntingdonshire,"60,000","64,000","72,500","80,000","89,000","110,000","130,000","150,000","160,000","168,500","180,000","181,000","166,000","175,000","175,000","180,000","185,000","192,500","210,000","225,000"
E12000006,East of England,E07000012,South Cambridgeshire,"83,850","92,000","105,000","115,950","137,500","158,000","179,000","188,000","203,000","215,000","235,000","245,000","210,000","229,950","237,500","242,750","245,000","260,000","304,995","331,000"
E12000006,East of England,E07000066,Basildon,"64,500","69,000","74,750","82,000","93,998","110,000","135,000","152,000","158,000","169,995","179,000","182,500","174,995","183,248","180,000","190,000","190,000","205,000","224,995","260,000"
E12000006,East of England,E07000067,Braintree,"59,995","67,000","73,000","85,000","93,500","119,000","140,000","159,995","169,995","173,000","184,995","187,500","167,500","179,995","184,000","185,000","190,500","205,000","222,000","250,000"
E12000006,East of England,E07000068,Brentwood,"88,500","93,000","110,000","126,000","146,000","169,000","205,000","224,000","235,000","245,000","250,000","249,995","247,000","260,000","256,950","270,000","271,250","305,000","325,000","390,000"
E12000006,East of England,E07000069,Castle Point,"63,500","69,000","73,500","85,000","97,500","120,000","154,000","169,995","173,500","180,000","193,000","205,000","175,000","192,000","191,500","194,000","197,500","212,000","240,000","265,000"
E12000006,East of England,E07000070,Chelmsford,"66,000","72,000","81,973","93,500","114,825","135,000","167,500","180,000","190,000","196,000","218,000","219,000","198,388","220,000","219,995","225,000","226,000","245,000","270,000","295,500"
E12000006,East of England,E07000071,Colchester,"57,000","63,500","67,500","79,000","89,995","111,000","133,000","154,995","165,000","170,000","178,000","175,000","161,975","174,000","175,000","180,000","185,550","190,000","210,000","230,000"
E12000006,East of England,E07000072,Epping Forest,"90,000","100,000","116,050","130,000","150,000","177,000","210,000","225,000","231,225","249,500","265,000","270,000","250,000","283,000","281,000","281,000","300,000","330,000","370,000","407,000"
E12000006,East of England,E07000073,Harlow,"63,000","68,000","70,000","80,000","91,000","112,000","131,000","142,500","155,000","159,995","170,000","171,995","157,000","166,750","170,000","175,000","178,000","190,000","220,000","255,000"
E12000006,East of England,E07000074,Maldon,"67,500","77,950","83,000","95,950","109,550","134,000","155,000","181,000","193,000","199,000","210,000","222,225","194,000","206,000","215,000","207,800","220,000","230,000","249,950","275,000"
E12000006,East of England,E07000075,Rochford,"69,995","76,900","81,000","92,000","114,000","134,500","166,000","181,000","195,000","197,750","212,000","225,000","190,000","212,000","210,000","210,000","218,000","232,000","262,000","290,000"
E12000006,East of England,E07000076,Tendring,"49,000","53,500","58,500","69,000","79,995","95,000","125,000","140,748","150,000","156,000","166,000","170,500","145,000","150,000","153,000","152,500","152,000","160,000","172,000","183,000"
E12000006,East of England,E07000077,Uttlesford,"87,500","101,000","112,000","132,000","150,000","178,000","199,950","220,000","242,000","245,000","250,000","269,798","250,000","270,000","279,000","282,750","290,146","315,000","330,000","355,000"
E12000006,East of England,E07000095,Broxbourne,"77,500","87,500","94,498","112,250","126,000","146,000","173,500","185,000","190,000","195,000","215,000","219,000","205,000","217,250","224,500","225,500","237,000","250,000","277,250","325,000"
E12000006,East of England,E07000096,Dacorum,"79,950","94,000","100,000","122,000","138,000","152,000","180,000","194,950","205,000","215,000","229,950","245,000","222,250","245,000","240,000","245,000","246,000","280,000","311,000","335,500"
E12000006,East of England,E07000242,East Hertfordshire,"85,000","92,500","104,995","123,750","142,500","163,000","192,000","208,000","222,500","231,000","245,000","249,995","230,000","245,000","250,000","250,000","275,000","287,500","310,714","354,000"
E12000006,East of England,E07000098,Hertsmere,"92,500","105,000","122,500","134,000","150,000","178,000","205,000","225,000","235,000","245,000","267,500","269,975","250,000","275,000","285,000","292,250","299,475","353,750","380,000","430,000"
E12000006,East of England,E07000099,North Hertfordshire,"67,995","79,250","86,000","104,000","123,000","135,500","164,950","180,000","185,000","200,750","217,500","218,500","200,000","216,000","227,500","225,000","225,000","245,975","279,973","315,000"
E12000006,East of England,E07000240,St Albans,"103,000","122,500","135,000","165,000","183,995","208,000","238,000","249,950","267,500","284,995","309,950","311,750","300,000","340,000","350,000","345,000","360,000","395,000","440,000","492,250"
E12000006,East of England,E07000243,Stevenage,"59,000","63,500","69,995","79,995","89,000","110,000","133,500","144,000","155,000","158,000","170,000","175,000","160,000","166,000","167,500","167,000","170,000","189,000","219,995","249,999"
E12000006,East of England,E07000102,Three Rivers,"99,950","119,000","128,000","145,000","167,500","187,000","209,250","234,500","240,000","250,000","272,000","275,000","250,000","292,750","300,000","315,000","325,000","350,000","400,000","444,998"
E12000006,East of England,E07000103,Watford,"65,950","77,500","84,500","107,000","118,000","137,500","165,000","177,000","190,000","195,000","215,811","226,750","202,250","214,000","214,975","225,000","227,500","250,000","289,950","337,000"
E12000006,East of England,E07000241,Welwyn Hatfield,"79,950","89,368","95,000","114,000","124,973","147,500","175,000","195,000","195,000","205,000","210,000","222,500","220,000","232,000","240,000","235,000","249,950","264,000","295,000","346,000"
E12000006,East of England,E07000143,Breckland,"50,000","53,500","57,000","64,500","75,000","92,500","116,250","134,500","142,000","148,000","163,000","156,750","147,000","155,000","152,000","155,000","155,000","167,500","177,000","195,000"
E12000006,East of England,E07000144,Broadland,"57,000","60,000","64,410","74,995","89,000","112,500","135,000","147,500","159,000","166,000","182,975","185,000","160,000","170,000","167,500","173,000","176,750","190,000","205,000","220,000"
E12000006,East of England,E07000145,Great Yarmouth,"43,500","45,950","48,500","52,000","59,950","72,000","89,950","115,000","120,000","122,000","136,000","133,000","130,000","136,000","129,950","132,000","135,000","137,000","146,000","151,500"
E12000006,East of England,E07000146,King's Lynn and West Norfolk,"52,000","53,000","56,000","65,000","74,500","90,000","116,495","133,000","145,500","148,000","156,973","158,000","148,250","154,000","150,500","150,000","155,000","160,000","170,000","182,000"
E12000006,East of England,E07000147,North Norfolk,"55,000","59,500","64,000","69,500","83,500","105,000","130,000","150,000","163,000","167,500","178,000","185,950","169,950","175,000","173,250","172,500","180,000","192,000","202,000","220,000"
E12000006,East of England,E07000148,Norwich,"42,500","45,000","48,000","59,000","67,000","86,973","109,125","122,000","129,000","135,625","155,000","152,450","132,000","144,000","140,000","140,500","147,000","155,000","165,000","172,000"
E12000006,East of England,E07000149,South Norfolk,"58,000","59,995","65,950","75,995","89,950","114,250","140,000","154,950","165,000","175,000","187,500","184,000","165,000","178,000","175,000","175,000","181,000","190,000","205,000","224,995"
E12000006,East of England,E07000200,Babergh,"63,750","66,000","71,500","83,500","92,995","124,748","142,000","160,000","169,000","178,250","195,000","195,000","172,000","193,000","190,000","195,000","189,995","217,500","225,000","250,000"
E12000006,East of England,E07000201,Forest Heath,"53,500","54,000","61,650","67,998","79,950","95,500","117,000","137,000","142,000","147,000","159,950","171,000","145,000","158,000","155,000","157,000","155,000","160,000","175,995","190,000"
E12000006,East of England,E07000202,Ipswich,"44,995","47,000","52,000","61,998","70,000","84,000","100,000","119,000","128,000","133,500","141,500","140,000","120,000","128,000","131,000","134,000","136,998","147,500","158,000","165,000"
E12000006,East of England,E07000203,Mid Suffolk,"60,000","65,000","70,000","85,000","92,500","117,000","135,250","159,000","166,750","169,950","181,875","185,000","169,077","180,000","180,000","176,000","176,695","193,000","207,750","225,000"
E12000006,East of England,E07000204,St Edmundsbury,"59,950","65,000","69,950","82,950","91,500","114,000","135,000","154,000","165,995","170,023","183,000","183,000","169,950","175,000","182,000","180,000","187,500","209,995","232,500","245,000"
E12000006,East of England,E07000205,Suffolk Coastal,"64,800","70,000","75,000","87,950","99,973","125,000","146,975","165,000","175,000","179,950","195,000","207,000","182,000","207,000","205,000","200,000","207,000","225,000","240,000","254,998"
E12000006,East of England,E07000206,Waveney,"45,000","48,000","49,995","57,995","65,000","78,500","99,995","122,000","128,000","133,000","145,000","150,000","135,000","146,500","139,950","142,225","142,000","150,000","160,000","165,000"
E12000007,London,E09000007,Camden,"139,950","158,000","182,500","227,000","249,000","270,875","280,000","295,000","320,000","345,000","399,950","440,000","410,000","460,000","490,000","495,000","570,000","650,000","680,500","740,000"
E12000007,London,E09000001,City of London,"130,000","160,000","180,000","191,998","235,000","240,000","290,000","280,000","305,000","323,000","395,000","377,500","381,250","452,500","455,000","474,000","575,000","700,000","823,750","800,000"
E12000007,London,E09000012,Hackney,"73,000","84,950","103,000","129,000","153,500","175,000","195,000","210,000","220,000","240,000","250,000","272,500","267,000","294,500","295,000","320,000","368,000","420,000","461,000","530,000"
E12000007,London,E09000013,Hammersmith and Fulham,"132,000","156,000","180,000","218,000","240,000","250,000","276,500","304,000","317,000","345,000","395,000","425,000","410,000","460,000","460,000","475,000","550,000","625,000","728,575","735,000"
E12000007,London,E09000014,Haringey,"78,000","90,000","102,000","127,950","145,000","170,000","190,000","207,500","223,000","230,000","250,000","270,000","250,000","280,000","302,000","310,000","329,950","385,000","422,500","475,000"
E12000007,London,E09000019,Islington,"115,000","138,000","160,000","195,000","215,000","235,000","248,000","249,995","267,750","285,000","335,000","355,000","340,000","372,000","405,000","405,000","445,000","500,000","575,500","600,000"
E12000007,London,E09000020,Kensington and Chelsea,"217,500","240,000","270,000","330,000","365,000","390,000","395,000","450,000","460,000","499,999","635,000","665,000","675,000","735,000","782,580","875,000","952,500","1,150,000","1,192,250","1,175,000"
E12000007,London,E09000022,Lambeth,"83,000","96,500","115,000","148,000","170,000","187,975","204,525","216,000","225,000","241,975","270,000","280,000","265,000","301,000","305,000","319,000","340,000","407,000","450,000","499,875"
E12000007,London,E09000023,Lewisham,"62,000","70,000","78,000","95,000","118,000","138,000","160,000","175,000","185,000","199,950","217,500","230,000","215,000","228,000","237,000","245,000","250,000","299,950","348,000","385,000"
E12000007,London,E09000025,Newham,"54,995","61,000","68,000","86,500","105,000","133,000","166,000","185,000","195,000","209,000","225,000","239,998","201,500","215,000","215,000","219,000","226,000","250,000","293,000","342,500"
E12000007,London,E09000028,Southwark,"80,575","95,000","115,000","145,000","176,000","187,950","200,000","220,000","237,000","242,000","268,000","285,000","283,000","305,000","323,000","325,000","345,000","399,950","460,000","500,000"
E12000007,London,E09000030,Tower Hamlets,"89,973","108,998","133,000","157,000","180,000","197,500","208,375","227,500","240,000","245,000","275,000","299,950","280,000","305,000","300,000","302,101","315,000","375,000","408,000","455,000"
E12000007,London,E09000032,Wandsworth,"104,150","120,000","145,000","176,000","199,999","227,000","240,000","250,000","270,050","298,888","350,000","357,500","340,000","375,000","389,950","404,995","450,000","515,000","545,000","620,000"
E12000007,London,E09000033,Westminster,"157,000","173,000","205,000","248,000","275,050","310,000","325,000","340,000","369,000","410,000","449,975","499,950","494,629","558,000","610,500","605,000","730,000","830,000","877,625","960,000"
E12000007,London,E09000002,Barking and Dagenham,"52,000","58,000","63,000","74,995","86,000","107,000","137,000","155,000","163,000","165,000","180,000","191,000","163,500","167,000","170,000","172,000","178,500","205,000","235,000","275,000"
E12000007,London,E09000003,Barnet,"95,000","113,995","129,000","152,500","170,000","196,700","225,000","248,000","250,000","265,000","289,950","288,000","280,000","317,000","327,500","325,000","335,000","390,000","440,000","470,000"
E12000007,London,E09000004,Bexley,"70,000","77,000","83,500","95,500","112,500","132,000","159,000","172,000","181,000","190,000","208,000","215,000","195,000","210,000","217,000","211,000","220,000","249,000","271,000","322,000"
E12000007,London,E09000005,Brent,"80,000","93,000","106,000","132,950","154,000","179,000","206,000","221,000","235,000","248,500","274,000","283,000","270,000","280,000","298,000","317,000","340,000","375,000","400,000","454,750"
E12000007,London,E09000006,Bromley,"84,500","96,000","111,500","130,000","147,500","170,000","198,500","220,000","229,995","240,000","250,000","259,475","247,000","270,000","275,000","275,000","287,500","325,000","365,000","410,000"
E12000007,London,E09000008,Croydon,"69,000","77,000","85,000","102,500","123,500","143,000","168,000","182,950","193,000","199,950","219,500","230,000","205,000","215,000","219,995","226,000","235,000","250,000","295,000","335,125"
E12000007,London,E09000009,Ealing,"87,000","100,000","117,000","141,975","159,950","181,250","209,000","226,250","237,000","243,000","260,000","280,000","250,000","274,975","285,500","303,000","325,000","368,330","415,000","460,000"
E12000007,London,E09000010,Enfield,"76,000","83,000","90,000","109,000","125,000","145,000","175,000","188,000","200,000","207,250","227,000","236,000","225,000","235,000","240,000","245,000","250,000","280,000","320,000","375,000"
E12000007,London,E09000011,Greenwich,"64,995","73,500","84,000","104,013","119,000","142,500","165,000","176,995","195,000","207,000","219,000","233,950","218,000","240,000","249,999","245,000","255,000","310,000","331,000","384,000"
E12000007,London,E09000015,Harrow,"90,000","105,000","117,000","142,659","160,000","187,000","225,000","240,000","249,000","250,000","275,000","284,000","250,000","283,000","295,500","300,000","315,000","355,000","387,000","445,000"
E12000007,London,E09000016,Havering,"72,500","80,000","87,500","102,500","119,000","138,000","168,500","185,000","195,000","200,000","218,000","226,000","200,000","218,000","219,995","220,000","230,000","249,995","279,995","325,000"
E12000007,London,E09000017,Hillingdon,"77,500","86,500","98,000","120,000","136,000","159,000","187,000","204,998","216,000","226,000","240,000","248,000","230,000","246,500","250,000","250,000","260,000","295,000","339,825","392,000"
E12000007,London,E09000018,Hounslow,"77,500","91,000","106,635","128,000","143,000","167,550","192,748","210,000","219,973","231,000","247,000","250,000","238,000","248,000","250,000","260,000","277,000","310,000","340,000","390,000"
E12000007,London,E09000021,Kingston upon Thames,"90,000","107,950","121,000","148,000","165,000","189,950","215,000","230,000","240,000","246,500","280,000","293,000","265,000","295,000","300,000","311,000","330,000","374,000","400,000","455,000"
E12000007,London,E09000024,Merton,"83,500","94,750","115,000","135,500","153,250","179,000","199,000","218,000","230,000","240,000","250,000","269,000","246,000","282,500","295,000","289,000","312,500","375,000","397,000","460,000"
E12000007,London,E09000026,Redbridge,"75,000","84,000","93,000","114,100","132,000","159,000","189,000","215,000","221,000","232,998","250,000","250,000","231,000","243,000","250,000","262,500","270,500","290,000","340,000","380,000"
E12000007,London,E09000027,Richmond upon Thames,"129,950","152,500","175,000","210,000","225,000","245,000","266,000","287,000","295,000","320,000","370,000","390,000","350,000","405,000","420,000","425,000","460,000","510,000","565,000","610,000"
E12000007,London,E09000029,Sutton,"73,000","83,850","94,000","114,950","128,500","150,000","172,500","183,500","199,000","205,585","227,000","240,000","213,000","225,000","235,000","239,998","250,000","272,000","314,250","345,000"
E12000007,London,E09000031,Waltham Forest,"60,000","69,000","77,000","91,500","112,500","140,000","167,000","184,500","197,250","207,000","231,500","240,000","210,000","225,000","230,000","240,000","250,000","300,000","360,000","410,000"
E12000008,South East,E06000036,Bracknell Forest,"81,000","95,000","102,000","120,000","134,000","154,500","175,000","180,000","186,625","197,950","218,000","223,300","200,000","233,000","221,500","235,000","240,000","257,525","285,000","320,000"
E12000008,South East,E06000043,Brighton and Hove,"58,950","66,000","76,000","94,000","117,000","142,500","164,000","177,000","192,000","200,000","230,000","237,500","210,000","235,000","240,000","240,000","249,500","270,000","295,000","320,000"
E12000008,South East,E06000046,Isle of Wight,"52,000","56,950","63,000","72,500","84,000","105,000","128,000","147,500","158,000","167,000","176,000","180,000","165,000","175,000","170,000","172,000","170,000","179,950","184,995","190,000"
E12000008,South East,E06000035,Medway,"51,000","55,000","58,250","68,500","77,000","91,000","115,000","130,000","136,830","140,000","155,000","160,000","140,000","151,000","150,000","150,000","159,000","167,000","185,000","210,000"
E12000008,South East,E06000042,Milton Keynes,"57,500","62,000","67,950","78,995","92,000","112,000","131,500","149,995","159,950","164,000","175,000","177,000","158,000","178,500","177,000","180,000","189,998","200,000","225,000","245,000"
E12000008,South East,E06000044,Portsmouth,"51,500","56,500","59,995","69,500","79,725","96,350","118,500","133,000","138,000","142,500","153,000","157,000","142,000","150,000","149,000","150,000","150,000","162,500","170,000","185,000"
E12000008,South East,E06000038,Reading,"63,000","73,000","84,000","109,950","121,950","139,950","157,500","166,000","178,000","180,000","199,950","202,250","184,950","193,000","190,000","195,500","200,000","220,000","246,000","280,000"
E12000008,South East,E06000039,Slough,"60,000","71,000","78,000","92,000","109,950","124,950","145,375","163,500","175,000","177,500","190,000","199,950","178,500","185,000","190,000","195,000","207,000","220,000","249,000","280,000"
E12000008,South East,E06000045,Southampton,"53,000","58,000","62,500","74,950","86,950","108,500","130,000","144,600","150,000","153,000","162,500","161,000","147,000","162,000","161,000","159,950","159,950","168,000","178,000","190,000"
E12000008,South East,E06000037,West Berkshire,"82,000","94,000","109,000","128,500","147,000","165,000","185,000","199,950","211,500","220,000","242,950","247,500","227,500","239,950","247,500","244,500","250,000","250,000","287,000","325,000"
E12000008,South East,E06000040,Windsor and Maidenhead,"113,000","130,000","145,000","175,000","196,000","215,000","245,950","249,950","272,000","282,000","306,000","315,000","290,900","320,000","327,250","325,500","335,000","375,000","415,000","455,000"
E12000008,South East,E06000041,Wokingham,"98,950","115,000","130,000","153,000","168,000","190,000","217,500","229,950","240,750","247,500","275,000","271,110","250,000","269,950","275,000","275,000","280,500","311,500","365,000","400,000"
E12000008,South East,E07000004,Aylesbury Vale,"74,950","84,995","94,950","109,000","123,950","142,000","160,000","179,950","185,950","195,000","212,000","220,000","205,000","222,500","230,000","229,995","231,000","247,500","267,950","294,748"
E12000008,South East,E07000005,Chiltern,"128,000","147,500","170,000","189,950","222,500","235,000","271,000","297,975","288,000","325,000","344,475","375,000","348,725","360,000","360,000","370,000","365,000","412,000","446,500","505,000"
E12000008,South East,E07000006,South Bucks,"135,000","165,000","168,500","190,000","220,000","237,500","280,000","301,250","320,000","325,000","385,000","379,475","350,000","389,950","400,000","394,000","370,000","482,500","475,000","545,000"
E12000008,South East,E07000007,Wycombe,"86,000","100,000","112,250","130,000","149,950","165,000","189,950","205,000","220,000","228,000","242,000","248,000","235,000","250,000","250,000","260,000","279,000","289,950","322,500","347,500"
E12000008,South East,E07000061,Eastbourne,"54,000","58,500","63,998","78,000","92,000","115,500","140,000","157,000","165,000","165,000","178,000","187,000","162,500","180,000","175,000","175,000","172,500","184,000","199,000","218,000"
E12000008,South East,E07000062,Hastings,"46,000","48,950","52,000","59,999","68,250","84,500","104,000","125,000","130,000","137,000","145,000","151,250","137,500","147,000","148,000","150,250","155,000","162,000","167,500","190,000"
E12000008,South East,E07000063,Lewes,"69,000","74,975","83,500","95,000","119,000","138,000","163,000","182,500","195,000","205,000","224,950","233,000","208,000","220,000","230,000","227,500","235,000","249,950","274,975","290,000"
E12000008,South East,E07000064,Rother,"68,500","75,000","79,500","92,500","108,000","129,000","160,000","175,000","181,750","193,000","206,000","222,000","201,733","215,000","215,000","217,000","225,000","229,950","245,000","267,500"
E12000008,South East,E07000065,Wealden,"76,000","87,500","95,000","112,000","125,000","145,000","178,000","193,000","209,950","211,000","226,000","240,631","215,000","236,995","234,000","233,500","239,995","249,950","267,000","285,000"
E12000008,South East,E07000084,Basingstoke and Deane,"73,950","84,950","95,000","115,000","127,950","145,000","165,000","183,000","193,000","187,000","210,000","210,000","190,000","210,000","210,000","220,000","222,500","237,000","245,000","275,000"
E12000008,South East,E07000085,East Hampshire,"79,725","90,500","111,000","128,000","142,500","166,000","194,475","207,500","224,000","232,250","249,997","249,997","237,250","260,000","265,000","258,725","267,000","285,000","310,000","335,000"
E12000008,South East,E07000086,Eastleigh,"67,000","73,500","79,950","96,000","112,500","131,998","155,975","175,000","180,500","185,000","194,826","202,500","185,000","192,500","199,950","205,000","210,000","220,000","236,750","256,125"
E12000008,South East,E07000087,Fareham,"72,000","80,000","86,500","102,950","120,000","137,950","163,000","175,000","182,000","189,995","200,000","207,000","189,996","200,000","202,500","210,000","212,000","224,995","243,000","253,000"
E12000008,South East,E07000088,Gosport,"51,000","52,500","56,995","64,950","78,500","94,000","120,000","130,000","138,000","139,950","145,000","149,995","136,000","143,000","140,650","147,500","147,500","156,000","165,000","179,000"
E12000008,South East,E07000089,Hart,"98,500","116,000","124,500","150,000","172,000","189,950","215,000","229,950","239,950","240,000","268,250","279,000","249,950","270,000","285,000","290,000","295,000","325,000","360,000","380,000"
E12000008,South East,E07000090,Havant,"65,500","73,500","76,500","86,748","99,250","124,995","141,000","161,750","166,250","175,000","186,500","187,000","172,500","189,950","185,000","185,000","195,000","215,000","225,000","245,000"
E12000008,South East,E07000091,New Forest,"78,000","84,950","95,000","116,000","132,000","151,000","185,000","200,000","218,625","225,950","237,000","240,000","220,500","240,300","245,000","244,000","245,000","250,000","282,000","296,450"
E12000008,South East,E07000092,Rushmoor,"69,950","77,998","86,500","104,500","117,000","132,975","156,000","164,000","175,000","179,950","190,000","200,000","180,750","192,000","202,500","200,000","205,250","224,950","246,000","275,000"
E12000008,South East,E07000093,Test Valley,"79,500","94,000","98,000","115,000","130,000","153,000","172,725","195,000","199,998","217,000","227,000","238,000","218,000","232,000","237,500","235,000","235,000","240,000","255,000","278,000"
E12000008,South East,E07000094,Winchester,"93,250","110,000","120,000","145,000","168,500","193,475","210,000","235,000","247,000","249,950","272,500","285,000","250,000","281,767","298,000","295,000","303,000","321,000","350,000","364,500"
E12000008,South East,E07000105,Ashford,"67,250","75,000","79,995","95,500","112,500","125,995","148,500","165,000","170,000","180,000","192,500","196,000","175,000","189,475","180,000","185,000","194,000","212,500","231,000","240,000"
E12000008,South East,E07000106,Canterbury,"60,000","67,500","74,950","85,000","102,600","123,500","150,000","170,000","180,000","183,000","197,000","200,000","174,995","199,995","200,000","203,000","208,000","223,470","240,000","265,000"
E12000008,South East,E07000107,Dartford,"60,000","67,000","72,500","85,000","97,000","120,000","144,973","159,000","167,000","176,000","190,000","200,000","175,000","180,000","185,000","193,000","200,000","214,995","246,000","274,995"
E12000008,South East,E07000108,Dover,"54,000","56,000","60,000","67,500","76,000","90,995","113,000","135,000","146,500","149,950","166,750","167,000","151,500","165,000","155,000","160,000","165,000","182,000","192,000","210,000"
E12000008,South East,E07000109,Gravesham,"60,000","68,000","72,000","82,995","95,000","115,000","136,495","154,000","161,000","164,257","178,000","182,000","165,000","175,000","179,000","180,000","189,950","199,995","222,000","255,000"
E12000008,South East,E07000110,Maidstone,"73,000","79,950","83,000","99,725","118,000","132,000","155,000","175,000","180,000","187,000","205,000","211,000","180,000","200,000","197,750","202,250","207,500","220,100","245,000","265,000"
E12000008,South East,E07000111,Sevenoaks,"92,135","106,000","119,125","135,000","155,000","175,000","200,000","225,000","235,000","248,000","265,000","266,000","250,000","256,250","284,000","283,250","287,500","314,500","350,000","360,000"
E12000008,South East,E07000112,Shepway,"56,000","60,000","66,000","75,000","81,500","98,000","125,000","147,000","160,000","165,000","177,000","185,000","170,000","175,000","175,000","175,000","180,000","185,000","200,000","220,000"
E12000008,South East,E07000113,Swale,"53,000","57,500","63,500","73,500","82,250","99,995","125,000","138,000","147,500","155,000","163,445","168,000","150,000","159,400","155,000","160,000","163,000","179,000","190,000","215,000"
E12000008,South East,E07000114,Thanet,"48,000","52,000","55,500","62,950","75,000","87,500","113,000","130,000","141,000","153,000","164,950","165,000","150,000","160,000","153,000","156,000","157,000","168,500","179,500","199,000"
E12000008,South East,E07000115,Tonbridge and Malling,"83,500","92,000","101,000","120,000","134,000","157,500","179,950","198,750","205,000","222,000","238,000","240,000","210,000","234,498","240,000","232,250","247,500","267,500","283,998","320,000"
E12000008,South East,E07000116,Tunbridge Wells,"76,500","91,500","100,000","120,000","134,000","154,500","179,000","200,000","220,000","228,000","245,000","242,000","220,000","250,000","240,000","250,000","250,000","265,000","299,998","332,750"
E12000008,South East,E07000177,Cherwell,"65,950","72,000","84,950","99,950","117,725","132,125","156,500","170,000","175,000","183,000","195,000","202,250","188,000","202,500","210,000","210,000","220,000","240,000","255,000","292,250"
E12000008,South East,E07000178,Oxford,"80,000","95,000","110,000","132,000","149,000","171,500","200,000","217,000","225,000","235,000","250,000","267,300","235,000","250,000","257,000","270,000","285,000","305,000","340,000","375,000"
E12000008,South East,E07000179,South Oxfordshire,"87,500","97,000","110,000","134,950","152,000","176,000","202,000","216,000","229,950","241,100","270,000","270,500","249,999","275,000","270,000","280,000","278,750","296,000","325,000","355,000"
E12000008,South East,E07000180,Vale of White Horse,"81,950","93,000","101,507","123,000","142,000","165,000","185,000","199,950","210,000","225,000","244,950","247,500","220,000","245,000","245,000","250,000","250,000","275,000","300,000","325,000"
E12000008,South East,E07000181,West Oxfordshire,"82,500","92,500","105,000","127,575","136,000","159,000","187,500","200,000","198,000","212,000","230,000","228,000","210,000","225,000","233,000","240,000","245,000","250,000","280,000","300,000"
E12000008,South East,E07000207,Elmbridge,"119,975","142,500","163,000","190,000","229,000","239,950","250,000","285,000","290,000","316,725","347,000","372,500","350,000","395,000","385,000","405,000","430,000","450,000","495,000","525,000"
E12000008,South East,E07000208,Epsom and Ewell,"100,000","120,000","130,000","155,000","174,950","200,000","225,000","242,000","250,000","267,000","293,000","287,500","250,000","309,950","317,250","315,000","324,500","355,000","402,000","450,000"
E12000008,South East,E07000209,Guildford,"93,950","110,000","125,000","148,000","166,725","187,000","210,000","234,950","245,000","250,000","275,000","280,500","250,000","295,000","299,950","305,500","310,000","334,500","372,000","410,000"
E12000008,South East,E07000210,Mole Valley,"115,000","128,000","145,000","170,000","189,000","221,500","244,445","256,000","285,000","294,995","295,000","325,000","300,000","337,500","350,000","360,000","380,000","386,000","422,250","473,500"
E12000008,South East,E07000211,Reigate and Banstead,"88,950","103,000","115,000","139,000","157,000","172,000","199,950","222,000","235,000","239,000","250,000","265,000","240,000","275,000","275,000","265,000","287,500","315,500","348,000","380,000"
E12000008,South East,E07000212,Runnymede,"90,000","110,000","127,000","145,000","160,000","182,500","207,500","222,000","235,000","240,000","260,000","270,143","249,999","250,000","269,950","258,000","275,000","312,250","335,580","372,000"
E12000008,South East,E07000213,Spelthorne,"85,000","97,500","111,000","130,000","149,950","173,000","193,000","205,000","212,500","225,000","242,000","245,000","232,500","242,000","249,950","250,000","260,000","279,950","320,050","365,000"
E12000008,South East,E07000214,Surrey Heath,"100,000","115,000","129,950","151,975","164,950","190,000","225,000","231,975","238,000","240,000","268,000","260,000","248,750","273,000","272,750","282,500","295,000","311,500","345,000","374,250"
E12000008,South East,E07000215,Tandridge,"102,000","117,000","124,450","149,950","160,000","185,000","224,000","240,000","240,000","257,000","269,000","279,950","250,000","292,000","300,000","285,000","303,500","329,950","375,000","390,000"
E12000008,South East,E07000216,Waverley,"105,000","126,000","131,000","160,000","177,500","197,000","227,500","245,000","250,000","274,950","295,000","307,000","280,500","315,000","329,950","330,000","340,000","358,000","390,000","425,000"
E12000008,South East,E07000217,Woking,"84,850","95,950","110,000","139,175","147,500","169,950","195,000","210,000","222,250","235,000","249,950","250,000","240,000","249,999","250,000","250,000","262,250","289,950","331,975","375,000"
E12000008,South East,E07000223,Adur,"60,000","69,500","76,000","90,500","109,950","128,500","150,000","166,500","180,000","185,000","204,000","212,125","184,000","200,000","203,250","210,000","220,000","230,000","260,000","285,000"
E12000008,South East,E07000224,Arun,"64,950","74,000","79,000","90,000","110,000","129,950","157,000","172,975","180,000","184,950","204,000","210,000","185,000","209,000","202,750","208,000","215,000","225,000","240,000","263,000"
E12000008,South East,E07000225,Chichester,"83,321","95,000","104,950","125,000","140,000","159,500","195,000","225,000","230,450","240,000","249,950","250,000","240,000","250,000","266,000","268,000","270,500","287,500","310,600","335,000"
E12000008,South East,E07000226,Crawley,"66,000","76,375","80,000","96,000","110,000","125,000","147,000","163,000","173,000","175,000","195,000","203,000","174,725","179,975","181,725","186,000","195,000","220,000","245,000","265,500"
E12000008,South East,E07000227,Horsham,"88,973","98,000","114,000","133,000","146,000","172,500","197,250","217,750","225,000","237,500","249,950","250,000","229,975","260,000","260,000","270,000","283,250","309,000","335,000","360,000"
E12000008,South East,E07000228,Mid Sussex,"80,000","92,500","100,000","124,995","142,000","158,500","188,000","208,000","218,000","225,000","243,950","249,999","230,000","246,250","250,000","248,375","265,000","290,000","315,000","346,500"
E12000008,South East,E07000229,Worthing,"58,500","66,000","70,000","85,000","95,000","120,000","146,950","160,000","166,500","174,000","192,000","194,000","174,000","195,000","195,000","199,973","204,475","220,000","241,000","257,750"
E12000009,South West,E06000022,Bath and North East Somerset,"69,950","77,000","85,000","105,000","121,500","139,973","169,950","185,000","196,000","204,000","227,000","225,000","200,000","227,750","230,000","230,000","235,000","245,000","268,000","290,000"
E12000009,South West,E06000028,Bournemouth,"59,950","67,000","73,500","87,000","99,200","124,000","150,000","170,000","176,000","182,000","192,000","195,000","175,000","192,500","195,000","195,000","195,000","204,000","217,000","225,000"
E12000009,South West,E06000023,"Bristol, City of","53,000","58,000","64,875","74,995","87,000","107,500","131,000","142,500","150,000","157,578","172,500","173,650","160,000","170,000","171,000","172,000","175,000","190,000","208,000","237,000"
E12000009,South West,E06000052,Cornwall,"54,500","58,000","63,000","72,000","82,500","101,000","135,000","161,000","175,000","180,000","195,000","195,000","175,000","185,000","187,000","185,000","185,000","189,995","200,000","207,500"
E12000009,South West,E06000053,Isles of Scilly,"98,250","158,750","128,500","175,000","180,000","185,000","265,000","300,000","340,000","295,000","350,000","295,000","335,000","300,000","345,000","330,000","348,750","235,000","325,000","295,000"
E12000009,South West,E06000024,North Somerset,"60,000","66,500","71,500","84,000","94,000","110,000","133,000","153,500","165,000","172,000","185,000","191,000","175,000","190,000","185,000","183,000","189,250","200,250","215,000","225,000"
E12000009,South West,E06000026,Plymouth,"46,500","47,500","49,000","53,250","60,000","76,950","90,000","115,000","131,000","137,000","149,500","145,500","139,000","145,000","142,000","143,000","145,000","155,000","162,000","165,000"
E12000009,South West,E06000029,Poole,"66,000","75,995","82,000","97,000","112,000","133,000","160,000","181,000","195,000","200,000","217,500","222,000","196,950","210,000","210,000","212,500","218,000","230,000","247,000","260,000"
E12000009,South West,E06000025,South Gloucestershire,"59,995","65,500","71,500","84,000","93,500","115,000","136,000","150,000","160,000","165,750","183,000","185,000","167,000","184,250","180,000","185,000","188,423","200,000","221,000","240,000"
E12000009,South West,E06000030,Swindon,"57,950","62,500","68,500","80,000","93,000","111,000","125,000","135,000","139,700","146,500","157,950","157,000","140,000","155,000","150,250","150,000","154,950","161,000","175,000","195,000"
E12000009,South West,E06000027,Torbay,"54,000","56,850","60,000","69,300","79,950","95,000","120,000","141,500","155,000","158,950","170,000","170,000","155,000","163,500","160,000","158,000","160,000","168,000","175,000","180,000"
E12000009,South West,E06000054,Wiltshire,"68,500","75,000","82,593","95,000","115,000","129,950","151,995","168,500","178,000","185,000","195,950","200,000","182,250","199,000","203,500","201,500","200,000","212,000","225,000","242,000"
E12000009,South West,E07000040,East Devon,"67,500","71,000","78,000","89,000","100,000","130,100","162,500","183,950","193,500","200,000","219,995","224,950","205,000","225,000","222,500","223,000","217,500","227,500","241,500","240,000"
E12000009,South West,E07000041,Exeter,"55,000","58,000","60,000","72,500","82,000","105,000","134,000","155,000","162,500","169,950","180,000","184,000","171,750","179,950","185,000","182,500","188,500","197,000","219,000","224,125"
E12000009,South West,E07000042,Mid Devon,"59,950","63,000","68,000","79,500","90,725","115,000","137,927","159,950","170,000","171,950","187,000","193,000","174,950","180,900","182,500","182,000","190,000","187,500","199,000","208,750"
E12000009,South West,E07000043,North Devon,"57,000","60,000","67,000","79,500","90,000","114,000","139,950","163,250","178,000","186,600","200,000","190,000","175,000","190,000","185,975","190,000","187,500","200,000","212,000","218,000"
E12000009,South West,E07000044,South Hams,"68,500","77,000","82,000","92,000","115,000","138,500","175,000","195,000","220,000","230,000","249,000","250,000","225,000","245,000","242,500","230,000","239,975","250,000","270,000","274,975"
E12000009,South West,E07000045,Teignbridge,"60,000","66,000","69,950","79,950","91,500","117,000","143,000","165,000","180,000","185,125","197,975","195,000","182,500","194,950","195,000","194,000","198,000","206,000","217,500","225,000"
E12000009,South West,E07000046,Torridge,"52,500","58,000","63,000","73,000","85,000","106,950","135,950","159,950","169,950","174,250","183,250","185,000","170,000","188,000","180,000","176,750","177,000","185,500","195,000","199,950"
E12000009,South West,E07000047,West Devon,"62,000","64,500","69,975","79,950","95,000","120,000","144,950","170,000","185,000","195,000","210,000","205,125","182,000","189,950","188,000","188,000","195,000","192,500","205,000","219,475"
E12000009,South West,E07000048,Christchurch,"79,000","89,950","100,000","119,975","139,000","153,000","190,000","213,750","229,000","230,000","247,000","250,000","230,000","249,000","247,750","250,000","250,000","262,500","300,000","316,000"
E12000009,South West,E07000049,East Dorset,"89,000","103,000","115,000","134,500","152,000","170,000","210,000","230,000","235,000","243,350","265,000","265,000","240,000","256,500","259,000","265,000","265,000","285,000","300,000","325,000"
E12000009,South West,E07000050,North Dorset,"68,475","73,000","82,000","99,000","114,500","132,000","159,500","180,000","182,475","190,000","205,000","219,500","195,500","210,000","197,250","199,950","210,000","217,750","220,000","238,000"
E12000009,South West,E07000051,Purbeck,"71,000","81,000","85,500","105,000","123,000","140,000","164,950","195,475","210,000","215,000","229,950","237,748","211,000","231,500","235,000","229,950","240,000","247,000","265,000","280,000"
E12000009,South West,E07000052,West Dorset,"72,000","79,375","87,950","101,000","118,500","139,950","174,950","196,500","215,000","222,500","235,000","240,000","218,950","229,000","230,000","235,000","235,000","240,000","250,000","260,000"
E12000009,South West,E07000053,Weymouth and Portland,"52,500","56,000","64,950","75,000","85,000","105,000","137,000","150,000","162,000","177,000","192,000","192,000","175,000","180,000","179,000","182,000","180,000","185,000","193,800","197,250"
E12000009,South West,E07000078,Cheltenham,"60,000","67,500","76,000","89,950","108,000","125,000","143,000","164,995","175,000","180,000","187,026","195,000","175,000","195,750","195,875","198,500","201,000","215,000","225,000","232,500"
E12000009,South West,E07000079,Cotswold,"87,250","95,000","115,000","134,000","140,000","163,000","195,000","223,000","240,000","246,500","250,000","268,975","250,000","276,000","263,000","262,500","270,000","290,000","304,000","325,000"
E12000009,South West,E07000080,Forest of Dean,"58,000","60,000","65,000","71,500","83,000","98,000","124,500","143,725","160,000","164,000","180,000","180,000","163,000","173,725","172,500","168,000","160,000","168,000","178,000","190,000"
E12000009,South West,E07000081,Gloucester,"50,425","54,625","58,500","63,950","73,000","85,500","109,000","125,000","131,000","140,000","154,000","154,973","138,000","145,000","138,500","145,000","145,250","154,000","165,000","175,000"
E12000009,South West,E07000082,Stroud,"62,000","69,000","75,500","86,950","105,000","120,000","147,500","169,950","179,950","180,000","200,000","200,000","184,950","187,950","190,000","187,500","192,500","206,748","219,950","230,000"
E12000009,South West,E07000083,Tewkesbury,"65,000","71,500","75,000","86,000","100,000","117,000","143,000","159,000","168,500","170,250","189,950","197,000","170,000","184,995","185,300","189,950","195,000","209,000","224,995","230,995"
E12000009,South West,E07000187,Mendip,"58,950","62,000","69,500","80,000","88,275","111,500","132,500","154,973","167,950","166,000","184,950","188,500","170,000","178,750","180,000","178,000","185,000","194,998","210,000","225,000"
E12000009,South West,E07000188,Sedgemoor,"56,000","59,500","63,000","75,000","80,000","98,000","119,000","145,000","152,500","156,975","169,950","172,500","158,000","167,000","162,775","167,000","168,000","170,000","176,470","187,000"
E12000009,South West,E07000189,South Somerset,"57,000","60,000","67,750","79,000","87,500","105,000","130,000","152,000","162,950","165,000","179,000","180,000","167,500","175,000","175,000","174,000","175,000","182,000","190,000","195,000"
E12000009,South West,E07000190,Taunton Deane,"58,500","63,500","67,850","79,950","86,000","109,000","133,000","151,000","168,000","164,000","180,000","180,000","170,000","180,000","178,000","180,000","180,250","188,250","197,998","204,600"
E12000009,South West,E07000191,West Somerset,"60,000","68,000","70,750","80,500","93,000","117,950","150,000","167,000","175,000","180,000","189,950","206,000","180,000","195,000","187,950","188,500","190,000","195,000","202,750","200,000"
W92000004,Wales,W06000001,Isle of Anglesey,"48,200","49,500","52,000","55,000","58,000","68,750","83,000","115,000","128,000","139,000","156,000","154,500","145,650","150,000","143,500","150,000","143,000","147,000","154,000","160,500"
W92000004,Wales,W06000002,Gwynedd,"43,000","45,000","47,500","51,500","55,250","59,950","79,000","103,000","127,250","137,000","146,000","145,000","135,000","140,000","134,000","135,000","136,750","135,000","145,000","145,000"
W92000004,Wales,W06000003,Conwy,"47,000","51,000","53,000","57,500","60,000","70,000","91,725","120,000","142,500","143,000","150,000","149,950","138,000","147,500","145,000","140,000","140,000","147,000","145,000","150,000"
W92000004,Wales,W06000004,Denbighshire,"44,500","45,000","46,000","50,500","53,500","60,000","80,000","100,000","119,500","127,000","131,450","132,100","122,500","130,000","125,000","125,000","125,000","125,000","135,000","136,000"
W92000004,Wales,W06000005,Flintshire,"49,950","54,000","55,000","59,950","63,000","70,000","86,000","111,000","127,500","130,500","142,500","139,000","135,000","135,000","136,000","139,748","138,000","140,000","152,500","155,000"
W92000004,Wales,W06000006,Wrexham,"47,500","48,500","50,678","56,000","61,000","68,250","86,500","114,000","126,000","134,000","140,000","139,800","132,500","130,000","129,250","135,950","129,000","135,000","138,000","145,000"
W92000004,Wales,W06000023,Powys,"52,000","54,500","58,000","64,000","67,995","79,950","98,000","132,750","145,000","155,000","165,000","165,000","150,000","162,500","154,973","155,000","157,725","160,000","162,750","165,000"
W92000004,Wales,W06000008,Ceredigion,"53,725","56,750","59,000","62,000","68,000","79,500","100,000","136,000","151,000","165,000","176,750","178,750","160,000","175,000","170,000","166,000","157,000","165,000","168,000","173,750"
W92000004,Wales,W06000009,Pembrokeshire,"46,950","47,500","50,500","55,000","57,000","72,000","92,775","125,000","142,500","151,000","166,000","165,000","164,000","164,500","153,374","156,000","152,498","150,000","157,000","160,000"
W92000004,Wales,W06000010,Carmarthenshire,"40,000","43,000","45,000","44,750","48,000","51,000","67,500","92,000","115,000","122,250","132,000","135,000","122,500","126,000","125,000","125,000","120,000","125,000","129,995","134,000"
W92000004,Wales,W06000011,Swansea,"48,000","49,750","50,000","55,500","58,000","60,000","75,000","99,997","119,995","128,000","132,500","134,950","132,500","132,000","127,000","125,000","125,000","130,000","133,000","135,750"
W92000004,Wales,W06000012,Neath Port Talbot,"38,000","39,000","41,500","43,079","45,500","46,000","51,500","70,000","87,698","91,000","103,000","108,500","100,000","94,000","98,000","97,500","96,000","100,000","106,500","105,000"
W92000004,Wales,W06000013,Bridgend,"47,000","49,000","52,000","58,500","59,000","61,000","75,000","97,000","115,000","120,000","125,000","125,000","120,000","124,500","123,000","120,000","125,000","128,500","137,500","140,000"
W92000004,Wales,W06000014,Vale of Glamorgan,"59,000","61,900","67,950","69,950","72,000","87,500","105,000","130,000","142,000","150,000","160,000","165,000","165,000","170,000","165,000","166,250","173,000","180,000","184,000","194,500"
W92000004,Wales,W06000015,Cardiff,"55,000","59,003","65,000","71,750","79,000","95,000","120,000","139,950","150,000","154,000","160,000","158,000","148,000","160,000","155,000","160,000","163,000","165,000","170,000","180,000"
W92000004,Wales,W06000016,Rhondda Cynon Taf,"35,500","36,000","37,500","40,000","39,000","44,000","52,000","67,500","80,000","88,000","95,000","95,950","90,000","90,000","89,000","90,000","90,000","93,750","104,000","110,000"
W92000004,Wales,W06000024,Merthyr Tydfil,"32,500","34,000","32,850","35,000","36,950","36,950","41,500","54,000","72,000","82,000","89,950","92,500","87,000","87,435","85,000","84,975","83,500","89,000","90,000","87,000"
W92000004,Wales,W06000018,Caerphilly,"42,500","43,950","45,000","47,000","50,000","52,500","66,700","84,950","98,000","113,625","120,000","121,000","103,040","110,000","108,400","109,000","111,000","120,000","119,950","120,000"
W92000004,Wales,W06000019,Blaenau Gwent,"33,000","30,000","33,000","34,000","32,015","35,950","37,000","55,000","72,500","77,500","83,975","85,000","73,500","75,000","71,500","72,000","70,000","75,000","78,000","78,000"
W92000004,Wales,W06000020,Torfaen,"41,450","43,000","45,000","46,000","49,950","55,000","69,000","89,500","100,500","110,000","120,000","120,500","110,500","115,498","117,500","120,000","117,000","122,000","121,500","125,000"
W92000004,Wales,W06000021,Monmouthshire,"61,000","67,000","71,125","84,000","92,250","112,000","130,000","155,000","179,500","173,250","193,500","189,995","174,950","185,000","190,000","194,995","185,000","200,000","212,210","210,000"
W92000004,Wales,W06000022,Newport,"47,950","48,000","52,125","58,000","64,000","74,000","88,000","113,000","125,000","130,000","138,500","135,500","120,000","125,000","124,950","124,997","130,000","135,000","148,500","150,000"